id	form	lemma	xpostag	upostag	feats	sent_id	corefhead	coreftype	head	deprel	deps	id	coref_cluster	coref_type
1	A	a	[/Det|Art.Def]	DET	Definite=Def|PronType=Art	1	_	_	2	det	_	1	_
2	karmester	karmester	[/N][Nom]	NOUN	Case=Nom|Number=Sing	1	_	_	3	nmod:att	_	2	huwiki_33.2
3	előadóművész	előadóművész	[/N][Nom]	NOUN	Case=Nom|Number=Sing	1	_	_	9	nmod:att	_	3	_
3.1	COP	_	_	_	_	1	_	_	_	_	_	3.1	_
4	,	,	[Punct]	PUNCT	_	1	_	_	8	punct	_	4	_
5	a	a	[/Det|Art.Def]	DET	Definite=Def|PronType=Art	1	_	_	8	det	_	5	_
6	nagyobb	nagy	[/Adj][_Comp/Adj][Nom]	ADJ	Case=Nom|Degree=Cmp|Number=Sing	1	_	_	8	amod:att	_	6	_
7	zenei	zenei	[/Adj][Nom]	ADJ	Case=Nom|Degree=Pos|Number=Sing	1	_	_	8	amod:att	_	7	_
8	együttesek	együttes	[/N][Pl][Nom]	NOUN	Case=Nom|Number=Plur	1	_	_	3	conj	_	8	huwiki_33.1
9	vezetője	vezető	[/N][Poss.3Sg][Nom]	NOUN	Case=Nom|Number=Sing|Number[psor]=Sing|Person[psor]=3	1	_	_	0	root	_	9	_
10	,	,	[Punct]	PUNCT	_	1	_	_	13	punct	_	10	_
11	mind	mind	[/Cnj]	CCONJ	_	1	_	_	13	cc	_	11	_
12	a	a	[/Det|Art.Def]	DET	Definite=Def|PronType=Art	1	_	_	13	det	_	12	_
13	próbákon	próba	[/N][Pl][Supe]	NOUN	Case=Sup|Number=Plur	1	_	_	9	conj	_	13	huwiki_33.52
14	,	,	[Punct]	PUNCT	_	1	_	_	17	punct	_	14	_
15	mind	mind	[/Cnj]	CCONJ	_	1	_	_	17	cc	_	15	_
16	az	az	[/Det|Art.Def]	DET	Definite=Def|PronType=Art	1	_	_	17	det	_	16	_
17	előadásokon	előadás	[/N][Pl][Supe]	NOUN	Case=Sup|Number=Plur	1	_	_	9	conj	_	17	huwiki_33.16
18	.	.	[Punct]	PUNCT	_	1	_	_	9	punct	_	18	_

1	A	a	[/Det|Art.Def]	DET	Definite=Def|PronType=Art	2	_	_	2	det	_	1	_
2	zenekar	zenekar	[/N][Nom]	NOUN	Case=Nom|Number=Sing	2	1:8	coref	3	nmod:att	_	2	huwiki_33.14
3	összjátékát	összjáték	[/N][Poss.3Sg][Acc]	NOUN	Case=Acc|Number=Sing|Number[psor]=Sing|Person[psor]=3	2	_	_	7	obj	_	3	_
4	kézmozdulatok	kézmozdulat	[/N][Pl][Nom]	NOUN	Case=Nom|Number=Plur	2	_	_	5	nmod:att	_	4	_
5	jelrendszere	jelrendszer	[/N][Poss.3Sg][Nom]	NOUN	Case=Nom|Number=Sing|Number[psor]=Sing|Person[psor]=3	2	_	_	6	nmod:att	_	5	_
6	segítségével	segítség	[/N][Poss.3Sg][Ins]	NOUN	Case=Ins|Number=Sing|Number[psor]=Sing|Person[psor]=3	2	_	_	7	nmod:obl	_	6	_
7	irányítja	irányít	[/V][Prs.Def.3Sg]	VERB	Definite=Def|Mood=Ind|Number=Sing|Person=3|Tense=Pres|VerbForm=Fin|Voice=Act	2	_	_	0	root	_	7	_
7.1	SUBJ	_	_	_	_	2	1:2	prs	_	_	_	7.SUBJ	huwiki_33.2
8	.	.	[Punct]	PUNCT	_	2	_	_	7	punct	_	8	_

1	Napjaink	nap	[/N][Pl.Poss.1Pl][Nom]	NOUN	Case=Nom|Number=Plur|Number[psor]=Plur|Person[psor]=1	3	_	_	2	nmod:att	_	1	_
2	karmesterének	karmester	[/N][Poss.3Sg][Dat]	NOUN	Case=Dat|Number=Sing|Number[psor]=Sing|Person[psor]=3	3	_	_	3	nmod:obl	_	2	huwiki_33.6
3	munkáját	munka	[/N][Poss.3Sg][Acc]	NOUN	Case=Acc|Number=Sing|Number[psor]=Sing|Person[psor]=3	3	_	_	6	obj	_	3	_
4	három	három	[/Num][Nom]	NUM	Case=Nom|Number=Sing|NumType=Card	3	_	_	5	amod:att	_	4	_
5	részfeladatra	részfeladat	[/N][Subl]	NOUN	Case=Sub|Number=Sing	3	_	_	6	nmod:obl	_	5	_
5.1	COP	_	_	_	_	3	_	_	_	_	_	5.1	_
6	szokás	szokás	[/N][Nom]	NOUN	Case=Nom|Number=Sing	3	_	_	0	root	_	6	_
7	osztani	oszt	[/V][Inf]	VERB	VerbForm=Inf|Voice=Act	3	_	_	6	xcomp	_	7	_
7.1	SUBJ	_	_	_	_	3	_	arb	_	_	_	7.SUBJ	_
8	.	.	[Punct]	PUNCT	_	3	_	_	6	punct	_	8	_

1	A	a	[/Det|Art.Def]	DET	Definite=Def|PronType=Art	4	_	_	3	det	_	1	_
2	mai	mai	[/Adj][Nom]	ADJ	Case=Nom|Degree=Pos|Number=Sing	4	_	_	3	amod:att	_	2	_
3	karmesterség	karmesterség	[/N][Nom]	NOUN	Case=Nom|Number=Sing	4	_	_	8	nsubj	_	3	huwiki_33.12
4	a	a	[/Det|Art.Def]	DET	Definite=Def|PronType=Art	4	_	_	6	det	_	4	_
5	19.	19.	[/Num|Digit][_Ord/Adj][Nom][]	ADJ	Case=Nom|Number=Sing|NumType=Ord	4	_	_	6	amod:att	_	5	_
6	század	század	[/N][Nom]	NOUN	Case=Nom|Number=Sing	4	_	_	8	obl	_	6	_
7	folyamán	folyamán	[/Post|(Poss)]	ADP	_	4	_	_	6	case	_	7	_
8	alakult	alakul	[/V][Pst.NDef.3Sg]	VERB	Definite=Ind|Mood=Ind|Number=Sing|Person=3|Tense=Past|VerbForm=Fin|Voice=Act	4	_	_	0	root	_	8	_
9	ki	ki	[/Prev]	ADV	_	4	_	_	8	compound:preverb	_	9	_
10	.	.	[Punct]	PUNCT	_	4	_	_	8	punct	_	10	_

1	Előzményének	előzmény	[/N][Poss.3Sg][Dat]	NOUN	Case=Dat|Number=Sing|Number[psor]=Sing|Person[psor]=3	5	_	_	2	nmod:obl	_	1	_
1.1	POSS	_	_	_	_	5	4:3	prs	_	_	_	1.POSS	huwiki_33.3
2	tekinthetjük	tekint	[/V][_Mod/V][Prs.Def.1Pl]	VERB	Definite=Def|Mood=Pot|Number=Plur|Person=1|Tense=Pres|VerbForm=Fin|Voice=Act	5	_	_	0	root	_	2	_
2.1	SUBJ	_	_	_	_	5	_	arb	_	_	_	2.SUBJ	_
3	az	az	[/Det|Art.Def]	DET	Definite=Def|PronType=Art	5	_	_	4	det	_	3	_
4	énekmesterek	énekmester	[/N][Pl][Nom]	NOUN	Case=Nom|Number=Plur	5	_	_	2	nsubj	_	4	_
5	,	,	[Punct]	PUNCT	_	5	_	_	6	punct	_	5	_
6	karvezetők	karvezető	[/N][Pl][Nom]	NOUN	Case=Nom|Number=Plur	5	_	_	10	nmod:att	_	6	huwiki_33.4
7	(	(	[Punct]	PUNCT	_	5	_	_	8	punct	_	7	_
8	kapellmeisterek	kapellmeister	[/N][Pl][Nom]	NOUN	Case=Nom|Number=Plur	5	5:6	coref	6	appos	_	8	huwiki_33.4
9	)	)	[Punct]	PUNCT	_	5	_	_	8	punct	_	9	_
10	tempót	tempó	[/N][Acc]	NOUN	Case=Acc|Number=Sing	5	_	_	11	obj	_	10	_
11	diktáló	diktáló	[/Adj][Nom]	ADJ	Case=Nom|Degree=Pos|Number=Sing	5	_	_	12	amod:att	_	11	_
12	kézjelzéseit	kézjelzés	[/N][Pl.Poss.3Sg][Acc]	NOUN	Case=Acc|Number=Plur|Number[psor]=Sing|Person[psor]=3	5	_	_	2	obj	_	12	_
13	(	(	[Punct]	PUNCT	_	5	_	_	15	punct	_	13	_
14	15–16.	15–16.	[/Num|Digit][_Ord/Adj][Nom][]	ADJ	Case=Nom|Number=Sing|NumType=Ord	5	_	_	15	amod:att	_	14	_
15	század	század	[/N][Nom]	NOUN	Case=Nom|Number=Sing	5	_	_	2	nsubj	_	15	_
16	)	)	[Punct]	PUNCT	_	5	_	_	15	punct	_	16	_
17	,	,	[Punct]	PUNCT	_	5	_	_	21	punct	_	17	_
18	vagy	vagy	[/Cnj]	CCONJ	_	5	_	_	21	cc	_	18	_
19	a	a	[/Det|Art.Def]	DET	Definite=Def|PronType=Art	5	_	_	21	det	_	19	_
20	későbbi	későbbi	[/Adj][Nom]	ADJ	Case=Nom|Degree=Pos|Number=Sing	5	_	_	21	amod:att	_	20	_
21	századokban	század	[/N][Pl][Ine]	NOUN	Case=Ine|Number=Plur	5	_	_	23	nmod:obl	_	21	_
22	a	a	[/Det|Art.Def]	DET	Definite=Def|PronType=Art	5	_	_	23	det	_	22	_
23	zenekarvezetők	zenekarvezető	[/N][Pl][Nom]	NOUN	Case=Nom|Number=Plur	5	_	_	24	nmod:att	_	23	huwiki_33.5
24	munkáját	munka	[/N][Poss.3Sg][Acc]	NOUN	Case=Acc|Number=Sing|Number[psor]=Sing|Person[psor]=3	5	_	_	2	obj	_	24	_
25	,	,	[Punct]	PUNCT	_	5	_	_	24	punct	_	25	_
26	akik	aki	[/N|Pro|Rel][Pl][Nom]	PRON	Case=Nom|Number=Plur|Person=3|PronType=Rel	5	5:23	rel	30	nsubj	_	26	huwiki_33.5
27	leggyakrabban	leggyakrabban	[/Supl][/Adv]	ADV	Degree=Sup	5	_	_	30	advmod:mode	_	27	_
28	valamilyen	valamilyen	[/Adj|Pro][Nom]	PRON	Case=Nom|Number=Sing|Person=3|PronType=Ind	5	_	_	30	amod:att	_	28	_
29	billentyűs	billentyűs	[/Adj][Nom]	ADJ	Case=Nom|Degree=Pos|Number=Sing	5	_	_	30	amod:att	_	29	_
30	hangszer	hangszer	[/N][Nom]	NOUN	Case=Nom|Number=Sing	5	_	_	24	acl	_	30	_
31	(	(	[Punct]	PUNCT	_	5	_	_	32	punct	_	31	_
32	csembaló	csembaló	[/N][Nom]	NOUN	Case=Nom|Number=Sing	5	_	_	30	parataxis	_	32	_
33	,	,	[Punct]	PUNCT	_	5	_	_	34	punct	_	33	_
34	orgona	orgona	[/N][Nom]	NOUN	Case=Nom|Number=Sing	5	_	_	32	conj	_	34	_
35	,	,	[Punct]	PUNCT	_	5	_	_	36	punct	_	35	_
36	zongora	zongora	[/N][Nom]	NOUN	Case=Nom|Number=Sing	5	_	_	32	conj	_	36	_
37	)	)	[Punct]	PUNCT	_	5	_	_	32	punct	_	37	_
38	mellől	mellől	[/Post]	ADP	_	5	_	_	32	case	_	38	_
39	,	,	[Punct]	PUNCT	_	5	_	_	43	punct	_	39	_
40	vagy	vagy	[/Cnj]	CCONJ	_	5	_	_	43	cc	_	40	_
41	első	egy	[/Num][_Ord/Adj][Nom]	ADJ	Case=Nom|Number=Sing|NumType=Ord	5	_	_	42	amod:att	_	41	_
42	hegedűsként	hegedűs	[/N][EssFor:ként]	NOUN	Case=Ess|Number=Sing	5	_	_	43	nmod:obl	_	42	_
43	irányítottak	irányít	[/V][Pst.NDef.3Pl]	VERB	Definite=Ind|Mood=Ind|Number=Plur|Person=3|Tense=Past|VerbForm=Fin|Voice=Act	5	_	_	32	conj	_	43	_
44	(	(	[Punct]	PUNCT	_	5	_	_	46	punct	_	44	_
45	17–18.	17–18.	[/Num|Digit][_Ord/Adj][Nom][]	ADJ	Case=Nom|Number=Sing|NumType=Ord	5	_	_	46	amod:att	_	45	_
46	század	század	[/N][Nom]	NOUN	Case=Nom|Number=Sing	5	_	_	43	nsubj	_	46	_
47	)	)	[Punct]	PUNCT	_	5	_	_	46	punct	_	47	_
48	.	.	[Punct]	PUNCT	_	5	_	_	32	punct	_	48	_

1	Nevezetes	nevezetes	[/Adj][Nom]	ADJ	Case=Nom|Degree=Pos|Number=Sing	6	_	_	2	amod:att	_	1	_
2	dátuma	dátum	[/N][Poss.3Sg][Nom]	NOUN	Case=Nom|Number=Sing|Number[psor]=Sing|Person[psor]=3	6	_	_	4	nsubj	_	2	_
2.1	COP	_	_	_	_	6	_	_	_	_	_	2.1	_
2.2	SUBJ	_	_	_	_	6	_	_	_	_	_	2.1.SUBJ	_
3	a	a	[/Det|Art.Def]	DET	Definite=Def|PronType=Art	6	_	_	4	det	_	3	_
4	karmesterek	karmester	[/N][Pl][Nom]	NOUN	Case=Nom|Number=Plur	6	3:2	coref	5	nmod:att	_	4	huwiki_33.63
5	történetének	történet	[/N][Poss.3Sg][Dat]	NOUN	Case=Dat|Number=Sing|Number[psor]=Sing|Person[psor]=3	6	_	_	6	nmod:obl	_	5	_
6	1820	1820	[/Num|Digit][Nom]	NUM	Case=Nom|Number=Sing|NumType=Card	6	_	_	14	amod:att	_	6	huwiki_33.7
7	,	,	[Punct]	PUNCT	_	6	_	_	6	punct	_	7	_
8	amikor	amikor	[/Adv|Pro|Rel]	PRON	Case=Nom|Number=Sing|Person=3|PronType=Rel	6	6:6	rel	12	nsubj	_	8	huwiki_33.7
9	Louis	Louis	[/N][Nom]	PROPN	Case=Nom|Number=Sing	6	_	_	11	nmod:att	_	9	_
10	Spohr	Spohr	[/N][Nom]	PROPN	Case=Nom|Number=Sing	6	_	_	9	flat:name	_	10	huwiki_33.8
11	pálcát	pálca	[/N][Acc]	NOUN	Case=Acc|Number=Sing	6	_	_	12	obj	_	11	huwiki_33.20
12	vett	vesz	[/V][Pst.NDef.3Sg]	VERB	Definite=Ind|Mood=Ind|Number=Sing|Person=3|Tense=Past|VerbForm=Fin|Voice=Act	6	_	_	6	acl	_	12	_
13	kezébe	kéz	[/N][Poss.3Sg][Ill]	NOUN	Case=Ill|Number=Sing|Number[psor]=Sing|Person[psor]=3	6	_	_	12	nmod:obl	_	13	_
13.1	POSS	_	_	_	_	6	6:10	prs	_	_	_	13.POSS	huwiki_33.11
14	–	–	[Hyph:Dash]	X	_	6	_	_	20	nmod:obl	_	14	_
15	ez	ez	[/N|Pro][Nom]	PRON	Case=Nom|Number=Sing|Person=3|PronType=Dem	6	6:11	dem	20	nsubj	_	15	huwiki_33.9
16	egyébként	egyébként	[/Adv]	ADV	_	6	_	_	20	advmod:mode	_	16	_
17	egy	egy	[/Det|Art.NDef]	DET	Definite=Ind|PronType=Art	6	_	_	18	det	_	17	_
18	hegedű	hegedű	[/N][Nom]	NOUN	Case=Nom|Number=Sing	6	_	_	19	nmod:att	_	18	_
19	vonója	vonó	[/N][Poss.3Sg][Nom]	NOUN	Case=Nom|Number=Sing|Number[psor]=Sing|Person[psor]=3	6	_	_	20	nsubj	_	19	_
20	volt	van	[/V][Pst.NDef.3Sg]	VERB	Definite=Ind|Mood=Ind|Number=Sing|Person=3|Tense=Past|VerbForm=Fin|Voice=Act	6	_	_	0	root	_	20	_
21	–	–	[Hyph:Dash]	X	_	6	_	_	20	nmod:obl	_	21	_
22	és	és	[/Cnj]	CCONJ	_	6	_	_	23	cc	_	22	_
23	azzal	az	[/N|Pro][Ins]	PRON	Case=Ins|Number=Sing|Person=3|PronType=Dem	6	6:11	dem	21	conj	_	23	huwiki_33.10
24	„	„	[Punct]	PUNCT	_	6	_	_	25	punct	_	24	_
25	ütötte	üt	[/V][Pst.Def.3Sg]	VERB	Definite=Def|Mood=Ind|Number=Sing|Person=3|Tense=Past|VerbForm=Fin|Voice=Act	6	_	_	21	conj	_	25	_
25.1	SUBJ	_	_	_	_	6	6:13.POSS	prs	_	_	_	25.SUBJ	huwiki_33.11
26	”	”	[Punct]	PUNCT	_	6	_	_	25	punct	_	26	_
27	a	a	[/Det|Art.Def]	DET	Definite=Def|PronType=Art	6	_	_	28	det	_	27	_
28	taktust	taktus	[/N][Acc]	NOUN	Case=Acc|Number=Sing	6	_	_	25	obj	_	28	_
29	.	.	[Punct]	PUNCT	_	6	_	_	20	punct	_	29	_

1	A	a	[/Det|Art.Def]	DET	Definite=Def|PronType=Art	7	_	_	3	det	_	1	_
2	következő	következő	[/Adj][Nom]	ADJ	Case=Nom|Degree=Pos|Number=Sing	7	_	_	3	amod:att	_	2	_
3	években	év	[/N][Pl][Ine]	NOUN	Case=Ine|Number=Plur	7	_	_	6	nmod:obl	_	3	_
4	rendkívül	rendkívül	[/Adv]	ADV	_	7	_	_	6	advmod:mode	_	4	_
5	gyorsan	gyors	[/Adj][_Manner/Adv]	ADJ	Case=Ess|Degree=Pos|Number=Sing	7	_	_	6	obl	_	5	_
6	fejlődött	fejlődik	[/V][Pst.NDef.3Sg]	VERB	Definite=Ind|Mood=Ind|Number=Sing|Person=3|Tense=Past|VerbForm=Fin|Voice=Act	7	_	_	0	root	_	6	_
7	ez	ez	[/Det|Pro][Nom]	PRON	Case=Nom|Number=Sing|Person=3|PronType=Dem	7	_	_	9	nsubj	_	7	_
8	a	a	[/Det|Art.Def]	DET	Definite=Def|PronType=Art	7	_	_	9	det	_	8	_
9	szakma	szakma	[/N][Nom]	NOUN	Case=Nom|Number=Sing	7	4:3	coref	6	nsubj	_	9	huwiki_33.69
10	.	.	[Punct]	PUNCT	_	7	_	_	6	punct	_	10	_

1	Az	az	[/N|Pro][Nom]	PRON	Case=Nom|Number=Sing|Person=3|PronType=Dem	8	_	_	0	root	_	1	_
2	,	,	[Punct]	PUNCT	_	8	_	_	1	punct	_	2	_
3	hogy	hogy	[/Cnj]	SCONJ	_	8	_	_	5	mark	_	3	_
4	szükség	szükség	[/N][Nom]	NOUN	Case=Nom|Number=Sing	8	_	_	5	nmod:att	_	4	_
5	van	van	[/V][Prs.NDef.3Sg]	VERB	Definite=Ind|Mood=Ind|Number=Sing|Person=3|Tense=Pres|VerbForm=Fin|Voice=Act	8	_	_	1	csubj	_	5	_
6	egy	egy	[/Det|Art.NDef]	DET	Definite=Ind|PronType=Art	8	_	_	8	det	_	6	_
7	olyan	olyan	[/Adj|Pro][Nom]	PRON	Case=Nom|Number=Sing|Person=3|PronType=Dem	8	_	_	8	nmod:att	_	7	_
8	emberre	ember	[/N][Subl]	NOUN	Case=Sub|Number=Sing	8	_	_	5	nmod:obl	_	8	huwiki_33.13
9	,	,	[Punct]	PUNCT	_	8	_	_	5	punct	_	9	_
10	aki	aki	[/N|Pro|Rel][Nom]	PRON	Case=Nom|Number=Sing|Person=3|PronType=Rel	8	8:8	rel	15	nsubj	_	10	huwiki_33.15
11	kizárólag	kizárólag	[/Adv]	ADV	_	8	_	_	15	advmod:mode	_	11	_
12	a	a	[/Det|Art.Def]	DET	Definite=Def|PronType=Art	8	_	_	13	det	_	12	_
13	zenekar	zenekar	[/N][Nom]	NOUN	Case=Nom|Number=Sing	8	2:2	coref	14	nmod:att	_	13	huwiki_33.56
14	irányításával	irányítás	[/N][Poss.3Sg][Ins]	NOUN	Case=Ins|Number=Sing|Number[psor]=Sing|Person[psor]=3	8	_	_	15	nmod:obl	_	14	huwiki_33.17
15	foglalkozik	foglalkozik	[/V][Prs.NDef.3Sg]	VERB	Definite=Ind|Mood=Ind|Number=Sing|Person=3|Tense=Pres|VerbForm=Fin|Voice=Act	8	_	_	5	acl	_	15	_
16	,	,	[Punct]	PUNCT	_	8	_	_	15	punct	_	16	_
17	(	(	[Punct]	PUNCT	_	8	_	_	23	punct	_	17	_
18	azaz	azaz	[/Cnj]	CCONJ	_	8	_	_	23	cc	_	18	_
19	nem	nem	[/Adv]	ADV	PronType=Neg	8	_	_	23	advmod	_	19	_
20	valamilyen	valamilyen	[/Adj|Pro][Nom]	PRON	Case=Nom|Number=Sing|Person=3|PronType=Ind	8	_	_	21	amod:att	_	20	_
21	hangszer	hangszer	[/N][Nom]	NOUN	Case=Nom|Number=Sing	8	_	_	23	obl	_	21	_
22	mellől	mellől	[/Post]	ADP	_	8	_	_	21	case	_	22	_
23	tartja	tart	[/V][Prs.Def.3Sg]	VERB	Definite=Def|Mood=Ind|Number=Sing|Person=3|Tense=Pres|VerbForm=Fin|Voice=Act	8	_	_	15	appos	_	23	_
23.1	SUBJ	_	_	_	_	8	8:10	prs	_	_	_	23.SUBJ	huwiki_33.15
24	egyben	egyben	[/Adv]	ADV	_	8	_	_	23	compound:preverb	_	24	_
25	az	az	[/Det|Art.Def]	DET	Definite=Def|PronType=Art	8	_	_	26	det	_	25	_
26	előadást	előadás	[/N][Acc]	NOUN	Case=Acc|Number=Sing	8	1:17	coref	23	obj	_	26	huwiki_33.16
27	)	)	[Punct]	PUNCT	_	8	_	_	23	punct	_	27	_
28	több	sok	[/Num][_Comp/Num][Nom]	NUM	Case=Nom|Number=Sing|NumType=Card	8	_	_	29	amod:att	_	28	_
29	tényező	tényező	[/N][Nom]	NOUN	Case=Nom|Number=Sing	8	_	_	31	nmod:att	_	29	_
30	együttes	együttes	[/Adj][Nom]	ADJ	Case=Nom|Degree=Pos|Number=Sing	8	_	_	31	amod:att	_	30	_
31	megjelenésének	megjelenés	[/N][Poss.3Sg][Dat]	NOUN	Case=Dat|Number=Sing|Number[psor]=Sing|Person[psor]=3	8	_	_	32	nmod:obl	_	31	_
31.1	COP	_	_	_	_	8	_	_	_	_	_	31.1	_
32	köszönhető	köszönhető	[/Adj][Nom]	ADJ	Case=Nom|Degree=Pos|Number=Sing	8	_	_	15	acl	_	32	_
33	:	:	[Punct]	PUNCT	_	8	_	_	32	punct	_	33	_

1	A	a	[/Det|Art.Def]	DET	Definite=Def|PronType=Art	9	_	_	2	det	_	1	_
2	vezénylés	vezénylés	[/N][Nom]	NOUN	Case=Nom|Number=Sing	9	8:14	coref	10	nsubj	_	2	huwiki_33.17
3	a	a	[/Det|Art.Def]	DET	Definite=Def|PronType=Art	9	_	_	5	det	_	3	_
4	két	két	[/Num|Attr][Nom]	NUM	Case=Nom|Number=Sing|NumType=Card	9	_	_	5	amod:att	_	4	_
5	kéz	kéz	[/N][Nom]	NOUN	Case=Nom|Number=Sing	9	_	_	10	nmod:att	_	5	huwiki_33.25
6	egymást	egymás	[/N|Pro][Acc]	PRON	Case=Acc|Number=Sing|Person=3|PronType=Rcp	9	9:5	recip	7	obj	_	6	huwiki_33.18
7	kiegészítő	kiegészítő	[/Adj][Nom]	ADJ	Case=Nom|Degree=Pos|Number=Sing	9	_	_	10	amod:att	_	7	_
8	,	,	[Punct]	PUNCT	_	9	_	_	10	punct	_	8	_
9	közös	közös	[/Adj][Nom]	ADJ	Case=Nom|Degree=Pos|Number=Sing	9	_	_	10	amod:att	_	9	_
10	munkája	munka	[/N][Poss.3Sg][Nom]	NOUN	Case=Nom|Number=Sing|Number[psor]=Sing|Person[psor]=3	9	_	_	0	root	_	10	_
10.1	COP	_	_	_	_	9	_	_	_	_	_	10.1	_
11	.	.	[Punct]	PUNCT	_	9	_	_	10	punct	_	11	_

1	A	a	[/Det|Art.Def]	DET	Definite=Def|PronType=Art	10	_	_	3	det	_	1	_
2	jobb	jobb	[/Adj][Nom]	ADJ	Case=Nom|Degree=Pos|Number=Sing	10	_	_	3	amod:att	_	2	_
3	kézben	kéz	[/N][Ine]	NOUN	Case=Ine|Number=Sing	10	9:5	holo	4	nmod:obl	_	3	huwiki_33.19
4	van	van	[/V][Prs.NDef.3Sg]	VERB	Definite=Ind|Mood=Ind|Number=Sing|Person=3|Tense=Pres|VerbForm=Fin|Voice=Act	10	_	_	0	root	_	4	_
5	a	a	[/Det|Art.Def]	DET	Definite=Def|PronType=Art	10	_	_	6	det	_	5	_
6	pálca	pálca	[/N][Nom]	NOUN	Case=Nom|Number=Sing	10	6:11	coref	4	nsubj	_	6	huwiki_33.24
7	,	,	[Punct]	PUNCT	_	10	_	_	9	punct	_	7	_
8	ez	ez	[/N|Pro][Nom]	PRON	Case=Nom|Number=Sing|Person=3|PronType=Dem	10	10:6	dem	9	nsubj	_	8	huwiki_33.21
9	határozza	határoz	[/V][Prs.Def.3Sg]	VERB	Definite=Def|Mood=Ind|Number=Sing|Person=3|Tense=Pres|VerbForm=Fin|Voice=Act	10	_	_	4	conj	_	9	_
10	meg	meg	[/Prev]	PART	_	10	_	_	9	compound:preverb	_	10	_
11	a	a	[/Det|Art.Def]	DET	Definite=Def|PronType=Art	10	_	_	12	det	_	11	_
12	tempót	tempó	[/N][Acc]	NOUN	Case=Acc|Number=Sing	10	_	_	9	obj	_	12	_
13	és	és	[/Cnj]	CCONJ	_	10	_	_	16	cc	_	13	_
14	a	a	[/Det|Art.Def]	DET	Definite=Def|PronType=Art	10	_	_	15	det	_	14	_
15	ritmus	ritmus	[/N][Nom]	NOUN	Case=Nom|Number=Sing	10	_	_	16	nmod:att	_	15	_
16	alapkarakterét	alapkarakter	[/N][Poss.3Sg][Acc]	NOUN	Case=Acc|Number=Sing|Number[psor]=Sing|Person[psor]=3	10	_	_	4	conj	_	16	_
17	,	,	[Punct]	PUNCT	_	10	_	_	18	punct	_	17	_
18	metrumát	metrum	[/N][Poss.3Sg][Acc]	NOUN	Case=Acc|Number=Sing|Number[psor]=Sing|Person[psor]=3	10	_	_	4	conj	_	18	_
19	.	.	[Punct]	PUNCT	_	10	_	_	4	punct	_	19	_

1	A	a	[/Det|Art.Def]	DET	Definite=Def|PronType=Art	11	_	_	3	det	_	1	_
2	bal	bal	[/Adj][Nom]	ADJ	Case=Nom|Degree=Pos|Number=Sing	11	_	_	3	amod:att	_	2	_
3	kéz	kéz	[/N][Nom]	NOUN	Case=Nom|Number=Sing	11	9:5	holo	4	nsubj	_	3	huwiki_33.23
4	rajzolja	rajzol	[/V][Prs.Def.3Sg]	VERB	Definite=Def|Mood=Ind|Number=Sing|Person=3|Tense=Pres|VerbForm=Fin|Voice=Act	11	_	_	0	root	_	4	_
5	meg	meg	[/Prev]	PART	_	11	_	_	4	compound:preverb	_	5	_
6	a	a	[/Det|Art.Def]	DET	Definite=Def|PronType=Art	11	_	_	8	det	_	6	_
7	zenei	zenei	[/Adj][Nom]	ADJ	Case=Nom|Degree=Pos|Number=Sing	11	_	_	8	amod:att	_	7	_
8	vonalakat	vonal	[/N][Pl][Acc]	NOUN	Case=Acc|Number=Plur	11	_	_	4	obj	_	8	_
9	,	,	[Punct]	PUNCT	_	11	_	_	4	punct	_	9	_
10	a	a	[/Det|Art.Def]	DET	Definite=Def|PronType=Art	11	_	_	11	det	_	10	_
11	dallamíveket	dallamív	[/N][Pl][Acc]	NOUN	Case=Acc|Number=Plur	11	_	_	4	obj	_	11	_
12	,	,	[Punct]	PUNCT	_	11	_	_	14	punct	_	12	_
13	a	a	[/Det|Art.Def]	DET	Definite=Def|PronType=Art	11	_	_	14	det	_	13	_
14	játékintenzitást	játékintenzitás	[/N][Acc]	NOUN	Case=Acc|Number=Sing	11	_	_	4	conj	_	14	_
15	,	,	[Punct]	PUNCT	_	11	_	_	16	punct	_	15	_
16	jelzi	jelez	[/V][Prs.Def.3Sg]	VERB	Definite=Def|Mood=Ind|Number=Sing|Person=3|Tense=Pres|VerbForm=Fin|Voice=Act	11	_	_	4	conj	_	16	_
16.1	SUBJ	_	_	_	_	11	11:3	prs	_	_	_	16.SUBJ	huwiki_33.23
17	a	a	[/Det|Art.Def]	DET	Definite=Def|PronType=Art	11	_	_	18	det	_	17	_
18	belépés	belépés	[/N][Nom]	NOUN	Case=Nom|Number=Sing	11	_	_	19	nmod:att	_	18	_
19	pillanatát	pillanat	[/N][Poss.3Sg][Acc]	NOUN	Case=Acc|Number=Sing|Number[psor]=Sing|Person[psor]=3	11	_	_	4	obj	_	19	_
20	,	,	[Punct]	PUNCT	_	11	_	_	22	punct	_	20	_
21	a	a	[/Det|Art.Def]	DET	Definite=Def|PronType=Art	11	_	_	22	det	_	21	_
22	fokozást	fokozás	[/N][Acc]	NOUN	Case=Acc|Number=Sing	11	_	_	4	conj	_	22	_
23	,	,	[Punct]	PUNCT	_	11	_	_	24	punct	_	23	_
24	erősítést	erősítés	[/N][Acc]	NOUN	Case=Acc|Number=Sing	11	_	_	4	conj	_	24	_
25	,	,	[Punct]	PUNCT	_	11	_	_	26	punct	_	25	_
26	halkítást	halkítás	[/N][Acc]	NOUN	Case=Acc|Number=Sing	11	_	_	4	conj	_	26	_
27	,	,	[Punct]	PUNCT	_	11	_	_	28	punct	_	27	_
28	gyengítést	gyengítés	[/N][Acc]	NOUN	Case=Acc|Number=Sing	11	_	_	4	conj	_	28	_
29	.	.	[Punct]	PUNCT	_	11	_	_	4	punct	_	29	_

1	A	a	[/Det|Art.Def]	DET	Definite=Def|PronType=Art	12	_	_	2	det	_	1	_
2	pálca	pálca	[/N][Nom]	NOUN	Case=Nom|Number=Sing	12	10:6	coref	3	nmod:att	_	2	huwiki_33.26
3	szerepe	szerep	[/N][Poss.3Sg][Nom]	NOUN	Case=Nom|Number=Sing|Number[psor]=Sing|Person[psor]=3	12	_	_	5	nsubj	_	3	_
4	elsősorban	elsősorban	[/Adv]	ADV	_	12	_	_	5	advmod:mode	_	4	_
5	az	az	[/N|Pro][Nom]	PRON	Case=Nom|Number=Sing|Person=3|PronType=Dem	12	_	_	0	root	_	5	_
6	,	,	[Punct]	PUNCT	_	12	_	_	5	punct	_	6	_
7	hogy	hogy	[/Cnj]	SCONJ	_	12	_	_	12	mark	_	7	_
8	a	a	[/Det|Art.Def]	DET	Definite=Def|PronType=Art	12	_	_	9	det	_	8	_
9	kéz	kéz	[/N][Nom]	NOUN	Case=Nom|Number=Sing	12	9:5	coref	10	nmod:att	_	9	huwiki_33.36
10	mozdulatait	mozdulat	[/N][Pl.Poss.3Sg][Acc]	NOUN	Case=Acc|Number=Plur|Number[psor]=Sing|Person[psor]=3	12	_	_	12	obj	_	10	_
11	világossá	világos	[/Adj][Transl]	ADJ	Case=Tra|Degree=Pos|Number=Sing	12	_	_	12	nmod:obl	_	11	_
12	tegye	tesz	[/V][Sbjv.Def.3Sg]	VERB	Definite=Def|Mood=Imp|Number=Sing|Person=3|Tense=Pres|VerbForm=Fin|Voice=Act	12	_	_	5	advcl	_	12	_
12.1	SUBJ	_	_	_	_	12	12:2	prs	_	_	_	12.SUBJ	huwiki_33.27
13	és	és	[/Cnj]	CCONJ	_	12	_	_	14	cc	_	13	_
14	megnövelje	megnövel	[/V][Sbjv.Def.3Sg]	VERB	Definite=Def|Mood=Imp|Number=Sing|Person=3|Tense=Pres|VerbForm=Fin|Voice=Act	12	_	_	12	conj	_	14	_
14.1	SUBJ	_	_	_	_	12	12:12.SUBJ	prs	_	_	_	14.SUBJ	huwiki_33.29
14.2	OBJ	_	_	_	_	12	12:9	prs	_	_	_	14.OBJ	huwiki_33.28
15	.	.	[Punct]	PUNCT	_	12	_	_	5	punct	_	15	_

1	Lehet	van	[/V][_Mod/V][Prs.NDef.3Sg]	VERB	Definite=Ind|Mood=Pot|Number=Sing|Person=3|Tense=Pres|VerbForm=Fin|Voice=Act	13	_	_	0	root	_	1	_
1.2	SUBJ	_	_	_	_	13	12:14.SUBJ	prs	_	_	_	1.SUBJ	huwiki_33.31
2	egészen	egészen	[/Adv]	ADV	_	13	_	_	3	advmod:mode	_	2	_
3	hosszú	hosszú	[/Adj][Nom]	ADJ	Case=Nom|Degree=Pos|Number=Sing	13	_	_	6	amod:att	_	3	_
4	(	(	[Punct]	PUNCT	_	13	_	_	5	punct	_	4	_
5	60	60	[/Num|Digit][Nom]	NUM	Case=Nom|Number=Sing|NumType=Card	13	_	_	6	amod:att	_	5	_
6	cm	cm	[/N][Nom]	NOUN	Case=Nom|Number=Sing	13	_	_	1	nsubj	_	6	_
7	)	)	[Punct]	PUNCT	_	13	_	_	6	punct	_	7	_
8	,	,	[Punct]	PUNCT	_	13	_	_	10	punct	_	8	_
9	de	de	[/Cnj]	CCONJ	_	13	_	_	10	cc	_	9	_
10	van	van	[/V][Prs.NDef.3Sg]	VERB	Definite=Ind|Mood=Ind|Number=Sing|Person=3|Tense=Pres|VerbForm=Fin|Voice=Act	13	_	_	1	conj	_	10	_
10.1	SUBJ	_	_	_	_	13	_	_	_	_	_	10.SUBJ	huwiki_33.30
11	,	,	[Punct]	PUNCT	_	13	_	_	10	punct	_	11	_
12	aki	aki	[/N|Pro|Rel][Nom]	PRON	Case=Nom|Number=Sing|Person=3|PronType=Rel	13	13:10.SUBJ	rel	15	nsubj	_	12	huwiki_33.32
13	egyáltalán	egyáltalán	[/Adv]	ADV	_	13	_	_	15	advmod:mode	_	13	_
14	nem	nem	[/Adv]	ADV	PronType=Neg	13	_	_	15	advmod	_	14	_
15	használta	használ	[/V][Pst.Def.3Sg]	VERB	Definite=Def|Mood=Ind|Number=Sing|Person=3|Tense=Past|VerbForm=Fin|Voice=Act	13	_	_	10	acl	_	15	_
15.2	OBJ	_	_	_	_	13	13:1.SUBJ	prs	_	_	_	15.OBJ	huwiki_33.33
16	vagy	vagy	[/Cnj]	CCONJ	_	13	_	_	17	cc	_	16	_
17	használja	használ	[/V][Prs.Def.3Sg]	VERB	Definite=Def|Mood=Ind|Number=Sing|Person=3|Tense=Pres|VerbForm=Fin|Voice=Act	13	_	_	15	conj	_	17	_
17.1	SUBJ	_	_	_	_	13	13:12	prs	_	_	_	17.SUBJ	huwiki_33.32
17.2	OBJ	_	_	_	_	13	13:15.OBJ	prs	_	_	_	17.OBJ	huwiki_33.33
18	(	(	[Punct]	PUNCT	_	13	_	_	17	punct	_	18	_
19	mint	mint	[/Cnj]	SCONJ	_	13	_	_	21	mark	_	19	_
20	például	például	[/Adv]	ADV	_	13	_	_	21	advmod:mode	_	20	_
21	Pierre	Pierre	[/N]	PROPN	Case=Nom|Number=Sing	13	_	_	15	advcl	_	21	_
22	Boulez	Boulez	[/N][Nom]	PROPN	Case=Nom|Number=Sing	13	_	_	21	flat:name	_	22	_
23	,	,	[Punct]	PUNCT	_	13	_	_	21	punct	_	23	_
24	Leopold	Leopold	[/N]	PROPN	Case=Nom|Number=Sing	13	_	_	21	appos	_	24	_
25	Stokowski	Stokowski	[/N][Nom]	PROPN	Case=Nom|Number=Sing	13	_	_	24	flat:name	_	25	_
26	,	,	[Punct]	PUNCT	_	13	_	_	27	punct	_	26	_
27	Dimitri	Dimitri	[/N]	PROPN	Case=Nom|Number=Sing	13	_	_	21	conj	_	27	_
28	Mitropoulos	Mitropoulos	[/N][Nom]	PROPN	Case=Nom|Number=Sing	13	_	_	27	flat:name	_	28	huwiki_33.34
29	)	)	[Punct]	PUNCT	_	13	_	_	21	punct	_	29	_
30	.	.	[Punct]	PUNCT	_	13	_	_	1	punct	_	30	_

1	Mitropoulos	Mitropoulos	[/N][Nom]	PROPN	Case=Nom|Number=Sing	14	13:28	coref	5	nsubj	_	1	huwiki_33.35
2	egy	egy	[/Det|Art.NDef]	DET	Definite=Ind|PronType=Art	14	_	_	3	det	_	2	_
3	alkalommal	alkalom	[/N][Ins]	NOUN	Case=Ins|Number=Sing	14	_	_	5	nmod:obl	_	3	_
4	így	így	[/Adv|Pro]	PRON	Case=Nom|Number=Sing|Person=3|PronType=Prs	14	_	_	5	nsubj	_	4	_
5	fogalmazott	fogalmaz	[/V][Pst.NDef.3Sg]	VERB	Definite=Ind|Mood=Ind|Number=Sing|Person=3|Tense=Past|VerbForm=Fin|Voice=Act	14	_	_	0	root	_	5	_
6	:	:	[Punct]	PUNCT	_	14	_	_	5	punct	_	6	_
7	Hiszem	hisz	[/V][Prs.Def.1Sg]	VERB	Definite=Def|Mood=Ind|Number=Sing|Person=1|Tense=Pres|VerbForm=Fin|Voice=Act	14	_	_	5	conj	_	7	_
7.1	SUBJ	_	_	_	_	14	14:1	speak	_	_	_	7.SUBJ	huwiki_33.38
8	,	,	[Punct]	PUNCT	_	14	_	_	7	punct	_	8	_
9	hogy	hogy	[/Cnj]	SCONJ	_	14	_	_	14	mark	_	9	_
10	a	a	[/Det|Art.Def]	DET	Definite=Def|PronType=Art	14	_	_	11	det	_	10	_
11	kezek	kéz	[/N][Pl][Nom]	NOUN	Case=Nom|Number=Plur	14	12:9	coref	12	nmod:att	_	11	huwiki_33.40
12	kommunikációja	kommunikáció	[/N][Poss.3Sg][Nom]	NOUN	Case=Nom|Number=Sing|Number[psor]=Sing|Person[psor]=3	14	_	_	14	nsubj	_	12	_
13	híven	hív	[/Adj][_Manner/Adv]	ADJ	Case=Ess|Degree=Pos|Number=Sing	14	_	_	14	obl	_	13	_
14	kifejezi	kifejez	[/V][Prs.Def.3Sg]	VERB	Definite=Def|Mood=Ind|Number=Sing|Person=3|Tense=Pres|VerbForm=Fin|Voice=Act	14	_	_	7	ccomp:obj	_	14	_
15	azt	az	[/N|Pro][Acc]	PRON	Case=Acc|Number=Sing|Person=3|PronType=Dem	14	_	_	14	obj	_	15	huwiki_33.37
16	,	,	[Punct]	PUNCT	_	14	_	_	14	punct	_	16	_
17	amit	ami	[/N|Pro|Rel][Acc]	PRON	Case=Acc|Number=Sing|Person=3|PronType=Rel	14	14:15	rel	18	obj	_	17	huwiki_33.37
18	érzek	érez	[/V][Prs.NDef.1Sg]	VERB	Definite=Ind|Mood=Ind|Number=Sing|Person=1|Tense=Pres|VerbForm=Fin|Voice=Act	14	_	_	14	acl	_	18	_
18.1	SUBJ	_	_	_	_	14	14:7.SUBJ	prs	_	_	_	18.SUBJ	huwiki_33.39
19	.	.	[Punct]	PUNCT	_	14	_	_	5	punct	_	19	_

1	Azt	az	[/N|Pro][Acc]	PRON	Case=Acc|Number=Sing|Person=3|PronType=Dem	15	_	_	2	obj	_	1	_
2	gondolom	gondol	[/V][Prs.Def.1Sg]	VERB	Definite=Def|Mood=Ind|Number=Sing|Person=1|Tense=Pres|VerbForm=Fin|Voice=Act	15	_	_	0	root	_	2	_
2.1	SUBJ	_	_	_	_	15	14:18.SUBJ	prs	_	_	_	2.SUBJ	huwiki_33.41
3	,	,	[Punct]	PUNCT	_	15	_	_	2	punct	_	3	_
4	pusztán	pusztán	[/Adv]	ADV	_	15	_	_	9	advmod:mode	_	4	_
5	a	a	[/Det|Art.Def]	DET	Definite=Def|PronType=Art	15	_	_	6	det	_	5	_
6	kezeimmel	kéz	[/N][Pl.Poss.1Sg][Ins]	NOUN	Case=Ins|Number=Plur|Number[psor]=Sing|Person[psor]=1	15	14:11	coref	9	nmod:obl	_	6	huwiki_33.45
6.1	POSS	_	_	_	_	15	15:2.SUBJ	prs	_	_	_	6.POSS	huwiki_33.42
7	jobban	jobban	[/Adv]	ADV	_	15	_	_	9	advmod:tlocy	_	7	_
8	ki	ki	[/Prev]	ADV	_	15	_	_	9	advmod:mode	_	8	_
9	tudom	tud	[/V][Prs.Def.1Sg]	VERB	Definite=Def|Mood=Ind|Number=Sing|Person=1|Tense=Pres|VerbForm=Fin|Voice=Act	15	_	_	2	ccomp:obj	_	9	huwiki_33.44
9.1	SUBJ	_	_	_	_	15	15:6.POSS	prs	_	_	_	9.SUBJ	huwiki_33.43
10	magam	én	[/N|Pro][1Sg][Acc]	PRON	Case=Acc|Number=Sing|Person=1|PronType=Prs	15	15:9.SUBJ	refl	11	nmod:obl	_	10	huwiki_33.43
11	fejezni	fejez	[/V][Inf]	VERB	VerbForm=Inf|Voice=Act	15	_	_	9	xcomp	_	11	_
11.2	SUBJ	_	_	_	_	15	15:9	prs	_	_	_	11.SUBJ	huwiki_33.44
12	.	.	[Punct]	PUNCT	_	15	_	_	2	punct	_	12	_

1	A	a	[/Det|Art.Def]	DET	Definite=Def|PronType=Art	16	_	_	2	det	_	1	_
2	kéz	kéz	[/N][Nom]	NOUN	Case=Nom|Number=Sing	16	15:6	coref	3	nmod:att	_	2	huwiki_33.47
3	gesztusai	gesztus	[/N][Pl.Poss.3Sg][Nom]	NOUN	Case=Nom|Number=Plur|Number[psor]=Sing|Person[psor]=3	16	_	_	4	nsubj	_	3	_
4	eljutnak	eljut	[/V][Prs.NDef.3Pl]	VERB	Definite=Ind|Mood=Ind|Number=Plur|Person=3|Tense=Pres|VerbForm=Fin|Voice=Act	16	_	_	0	root	_	4	_
5	a	a	[/Det|Art.Def]	DET	Definite=Def|PronType=Art	16	_	_	6	det	_	5	_
6	zenészhez	zenész	[/N][All]	NOUN	Case=All|Number=Sing	16	_	_	4	nmod:obl	_	6	huwiki_33.46
7	,	,	[Punct]	PUNCT	_	16	_	_	4	punct	_	7	_
8	mivel	mivel	[/Cnj]	SCONJ	_	16	_	_	12	mark	_	8	_
9	közvetlenül	közvetlen	[/Adj][_Manner/Adv]	ADJ	Case=Ess|Degree=Pos|Number=Sing	16	_	_	12	obl	_	9	_
10	a	a	[/Det|Art.Def]	DET	Definite=Def|PronType=Art	16	_	_	11	det	_	10	_
11	lelkét	lélek	[/N][Poss.3Sg][Acc]	NOUN	Case=Acc|Number=Sing|Number[psor]=Sing|Person[psor]=3	16	_	_	9	obj	_	11	_
11.1	POSS	_	_	_	_	16	16:6	prs	_	_	_	11.POSS	huwiki_33.46
12	érinti	érint	[/V][Prs.Def.3Sg]	VERB	Definite=Def|Mood=Ind|Number=Sing|Person=3|Tense=Pres|VerbForm=Fin|Voice=Act	16	_	_	4	advcl	_	12	_
12.1	SUBJ	_	_	_	_	16	16:2	prs	_	_	_	12.SUBJ	huwiki_33.47
13	meg	meg	[/Prev]	PART	_	16	_	_	12	compound:preverb	_	13	_
14	.	.	[Punct]	PUNCT	_	16	_	_	4	punct	_	14	_

1	Egy-egy	egy-egy	[/Num][Nom]	NUM	Case=Nom|Number=Sing|NumType=Dist	17	_	_	2	amod:att	_	1	_
2	előadás	előadás	[/N][Nom]	NOUN	Case=Nom|Number=Sing	17	_	_	3	nmod:att	_	2	huwiki_33.50
3	kidolgozottsága	kidolgozottság	[/N][Poss.3Sg][Nom]	NOUN	Case=Nom|Number=Sing|Number[psor]=Sing|Person[psor]=3	17	_	_	6	nsubj	_	3	_
4	a	a	[/Det|Art.Def]	DET	Definite=Def|PronType=Art	17	_	_	5	det	_	4	_
5	próbamunkától	próbamunka	[/N][Abl]	NOUN	Case=Abl|Number=Sing	17	_	_	6	nmod:obl	_	5	_
6	függ	függ	[/V][Prs.NDef.3Sg]	VERB	Definite=Ind|Mood=Ind|Number=Sing|Person=3|Tense=Pres|VerbForm=Fin|Voice=Act	17	_	_	0	root	_	6	_
7	.	.	[Punct]	PUNCT	_	17	_	_	6	punct	_	7	_

1	Vannak	van	[/V][Prs.NDef.3Pl]	VERB	Definite=Ind|Mood=Ind|Number=Plur|Person=3|Tense=Pres|VerbForm=Fin|Voice=Act	18	_	_	0	root	_	1	_
2	végtelenül	végtelen	[/Adj][_Manner/Adv]	ADJ	Case=Ess|Degree=Pos|Number=Sing	18	_	_	3	obl	_	2	_
3	sokat	sok	[/Num][Acc]	NUM	Case=Acc|Number=Sing|NumType=Card	18	_	_	5	amod:att	_	3	_
4	próbáló	próbáló	[/Adj][Nom]	ADJ	Case=Nom|Degree=Pos|Number=Sing	18	_	_	5	amod:att	_	4	_
5	karmesterek	karmester	[/N][Pl][Nom]	NOUN	Case=Nom|Number=Plur	18	6:4	holo	1	nsubj	_	5	huwiki_33.48
6	(	(	[Punct]	PUNCT	_	18	_	_	1	punct	_	6	_
7	mint	mint	[/Cnj]	SCONJ	_	18	_	_	8	mark	_	7	_
8	Mengelberg	Mengelberg	[/N][Nom]	PROPN	Case=Nom|Number=Sing	18	_	_	1	advcl	_	8	_
9	vagy	vagy	[/Cnj]	CCONJ	_	18	_	_	10	cc	_	9	_
10	Celibidache	Celibidache	[/N][Nom]	PROPN	Case=Nom|Number=Sing	18	_	_	8	flat:name	_	10	_
11	)	)	[Punct]	PUNCT	_	18	_	_	8	punct	_	11	_
12	,	,	[Punct]	PUNCT	_	18	_	_	13	punct	_	12	_
13	van	van	[/V][Prs.NDef.3Sg]	VERB	Definite=Ind|Mood=Ind|Number=Sing|Person=3|Tense=Pres|VerbForm=Fin|Voice=Act	18	_	_	1	conj	_	13	_
13.1	SUBJ	_	_	_	_	18	_	_	_	_	_	13.SUBJ	huwiki_33.49
14	,	,	[Punct]	PUNCT	_	18	_	_	13	punct	_	14	_
15	aki	aki	[/N|Pro|Rel][Nom]	PRON	Case=Nom|Number=Sing|Person=3|PronType=Rel	18	18:13.SUBJ	rel	18	nsubj	_	15	huwiki_33.51
16	az	az	[/Det|Art.Def]	DET	Definite=Def|PronType=Art	18	_	_	17	det	_	16	_
17	előadásra	előadás	[/N][Subl]	NOUN	Case=Sub|Number=Sing	18	17:2	coref	18	nmod:obl	_	17	huwiki_33.50
18	tartalékolja	tartalékol	[/V][Prs.Def.3Sg]	VERB	Definite=Def|Mood=Ind|Number=Sing|Person=3|Tense=Pres|VerbForm=Fin|Voice=Act	18	_	_	13	acl	_	18	_
19	energiáit	energia	[/N][Pl.Poss.3Sg][Acc]	NOUN	Case=Acc|Number=Plur|Number[psor]=Sing|Person[psor]=3	18	_	_	18	obj	_	19	_
19.1	POSS	_	_	_	_	18	18:15	prs	_	_	_	19.POSS	huwiki_33.51
20	.	.	[Punct]	PUNCT	_	18	_	_	1	punct	_	20	_

1	A	a	[/Det|Art.Def]	DET	Definite=Def|PronType=Art	19	_	_	2	det	_	1	_
2	próbán	próba	[/N][Supe]	NOUN	Case=Sup|Number=Sing	19	1:13	coref	3	nmod:obl	_	2	huwiki_33.62
3	követett	követett	[/Adj][Nom]	ADJ	Case=Nom|Degree=Pos|Number=Sing	19	_	_	4	amod:att	_	3	_
4	stratégia	stratégia	[/N][Nom]	NOUN	Case=Nom|Number=Sing	19	_	_	7	nsubj	_	4	_
5	is	is	[/Adv]	ADV	_	19	_	_	6	advmod:mode	_	5	_
6	sokféle	sokféle	[/Adj][Nom]	ADJ	Case=Nom|Degree=Pos|Number=Sing	19	_	_	7	nmod:obl	_	6	_
7	lehet	van	[/V][_Mod/V][Prs.NDef.3Sg]	VERB	Definite=Ind|Mood=Pot|Number=Sing|Person=3|Tense=Pres|VerbForm=Fin|Voice=Act	19	_	_	0	root	_	7	_
8	.	.	[Punct]	PUNCT	_	19	_	_	7	punct	_	8	_

1	Van	van	[/V][Prs.NDef.3Sg]	VERB	Definite=Ind|Mood=Ind|Number=Sing|Person=3|Tense=Pres|VerbForm=Fin|Voice=Act	20	_	_	0	root	_	1	_
1.2	SUBJ	_	_	_	_	20	_	_	_	_	_	1.SUBJ	huwiki_33.53
2	,	,	[Punct]	PUNCT	_	20	_	_	1	punct	_	2	_
3	aki	aki	[/N|Pro|Rel][Nom]	PRON	Case=Nom|Number=Sing|Person=3|PronType=Rel	20	20:1.SUBJ	rel	4	nsubj	_	3	huwiki_33.54
4	végigjátssza	végigjátszik	[/V][Prs.Def.3Sg]	VERB	Definite=Def|Mood=Ind|Number=Sing|Person=3|Tense=Pres|VerbForm=Fin|Voice=Act	20	_	_	1	acl	_	4	_
5	a	a	[/Det|Art.Def]	DET	Definite=Def|PronType=Art	20	_	_	7	det	_	5	_
6	teljes	teljes	[/Adj][Nom]	ADJ	Case=Nom|Degree=Pos|Number=Sing	20	_	_	7	amod:att	_	6	_
7	darabot	darab	[/N][Acc]	NOUN	Case=Acc|Number=Sing	20	_	_	4	obj	_	7	_
8	,	,	[Punct]	PUNCT	_	20	_	_	11	punct	_	8	_
9	és	és	[/Cnj]	CCONJ	_	20	_	_	11	cc	_	9	_
10	utólag	utólag	[/Adv]	ADV	_	20	_	_	11	advmod:mode	_	10	_
11	visszatér	visszatér	[/V][Prs.NDef.3Sg]	VERB	Definite=Ind|Mood=Ind|Number=Sing|Person=3|Tense=Pres|VerbForm=Fin|Voice=Act	20	_	_	4	conj	_	11	_
11.2	SUBJ	_	_	_	_	20	20:3	prs	_	_	_	11.SUBJ	huwiki_33.54
12	a	a	[/Det|Art.Def]	DET	Definite=Def|PronType=Art	20	_	_	14	det	_	12	_
13	javítandó	javítandó	[/Adj][Nom]	ADJ	Case=Nom|Degree=Pos|Number=Sing	20	_	_	14	amod:att	_	13	_
14	helyekhez	hely	[/N][Pl][All]	NOUN	Case=All|Number=Plur	20	_	_	11	nmod:obl	_	14	_
15	,	,	[Punct]	PUNCT	_	20	_	_	16	punct	_	15	_
16	más	más	[/N|Pro][Nom]	NOUN	Case=Nom|Number=Sing	20	_	_	14	conj	_	16	huwiki_33.55
17	,	,	[Punct]	PUNCT	_	20	_	_	11	punct	_	17	_
18	amint	amint	[/Adv|Pro|Rel]	PRON	Case=Nom|Number=Sing|Person=3|PronType=Rel	20	_	_	20	nsubj	_	18	_
19	problémát	probléma	[/N][Acc]	NOUN	Case=Acc|Number=Sing	20	_	_	20	obj	_	19	_
20	érzékel	érzékel	[/V][Prs.NDef.3Sg]	VERB	Definite=Ind|Mood=Ind|Number=Sing|Person=3|Tense=Pres|VerbForm=Fin|Voice=Act	20	_	_	11	acl	_	20	_
21	,	,	[Punct]	PUNCT	_	20	_	_	22	punct	_	21	_
22	leállítja	leállít	[/V][Prs.Def.3Sg]	VERB	Definite=Def|Mood=Ind|Number=Sing|Person=3|Tense=Pres|VerbForm=Fin|Voice=Act	20	_	_	20	conj	_	22	_
22.1	SUBJ	_	_	_	_	20	20:16	prs	_	_	_	22.SUBJ	huwiki_33.55
23	a	a	[/Det|Art.Def]	DET	Definite=Def|PronType=Art	20	_	_	24	det	_	23	huwiki_33.57
24	zenélést	zenélés	[/N][Acc]	NOUN	Case=Acc|Number=Sing	20	_	_	22	obj	_	24	_
25	,	,	[Punct]	PUNCT	_	20	_	_	29	punct	_	25	_
26	és	és	[/Cnj]	CCONJ	_	20	_	_	29	cc	_	26	_
27	a	a	[/Det|Art.Def]	DET	Definite=Def|PronType=Art	20	_	_	28	det	_	27	_
28	zenekar	zenekar	[/N][Nom]	NOUN	Case=Nom|Number=Sing	20	8:13	coref	29	nsubj	_	28	huwiki_33.56
29	újrakezdi	újrakezd	[/V][Prs.Def.3Sg]	VERB	Definite=Def|Mood=Ind|Number=Sing|Person=3|Tense=Pres|VerbForm=Fin|Voice=Act	20	_	_	20	conj	_	29	_
29.2	OBJ	_	_	_	_	20	20:23	prs	_	_	_	29.OBJ	huwiki_33.57
30	az	az	[/Det|Art.Def]	DET	Definite=Def|PronType=Art	20	_	_	32	det	_	30	_
31	adott	adott	[/Adj][Nom]	ADJ	Case=Nom|Degree=Pos|Number=Sing	20	_	_	32	amod:att	_	31	_
32	helytől	hely	[/N][Abl]	NOUN	Case=Abl|Number=Sing	20	_	_	29	nmod:obl	_	32	_
33	.	.	[Punct]	PUNCT	_	20	_	_	1	punct	_	33	_

1	Van	van	[/V][Prs.NDef.3Sg]	VERB	Definite=Ind|Mood=Ind|Number=Sing|Person=3|Tense=Pres|VerbForm=Fin|Voice=Act	21	_	_	0	root	_	1	_
1.2	SUBJ	_	_	_	_	21	_	_	_	_	_	1.SUBJ	huwiki_33.58
2	,	,	[Punct]	PUNCT	_	21	_	_	1	punct	_	2	_
3	aki	aki	[/N|Pro|Rel][Nom]	PRON	Case=Nom|Number=Sing|Person=3|PronType=Rel	21	21:1.SUBJ	rel	7	nsubj	_	3	huwiki_33.58
4	teljesen	teljes	[/Adj][_Manner/Adv]	ADJ	Case=Ess|Degree=Pos|Number=Sing	21	_	_	7	obl	_	4	_
5	kidolgozott	kidolgozott	[/Adj][Nom]	ADJ	Case=Nom|Degree=Pos|Number=Sing	21	_	_	6	amod:att	_	5	_
6	elképzeléssel	elképzelés	[/N][Ins]	NOUN	Case=Ins|Number=Sing	21	_	_	7	nmod:obl	_	6	_
7	érkezik	érkezik	[/V][Prs.NDef.3Sg]	VERB	Definite=Ind|Mood=Ind|Number=Sing|Person=3|Tense=Pres|VerbForm=Fin|Voice=Act	21	_	_	1	acl	_	7	_
8	meg	meg	[/Prev]	PART	_	21	_	_	7	compound:preverb	_	8	_
9	az	az	[/Det|Art.Def]	DET	Definite=Def|PronType=Art	21	_	_	11	det	_	9	_
10	első	egy	[/Num][_Ord/Adj][Nom]	ADJ	Case=Nom|Number=Sing|NumType=Ord	21	_	_	11	amod:att	_	10	_
11	próbára	próba	[/N][Subl]	NOUN	Case=Sub|Number=Sing	21	19:2	holo	7	nmod:obl	_	11	huwiki_33.59
12	,	,	[Punct]	PUNCT	_	21	_	_	7	punct	_	12	_
13	és	és	[/Cnj]	CCONJ	_	21	_	_	14	cc	_	13	_
14	van	van	[/V][Prs.NDef.3Sg]	VERB	Definite=Ind|Mood=Ind|Number=Sing|Person=3|Tense=Pres|VerbForm=Fin|Voice=Act	21	_	_	1	conj	_	14	_
14.1	SUBJ	_	_	_	_	21	_	_	_	_	_	14.SUBJ	huwiki_33.60
15	,	,	[Punct]	PUNCT	_	21	_	_	1	punct	_	15	_
16	aki	aki	[/N|Pro|Rel][Nom]	PRON	Case=Nom|Number=Sing|Person=3|PronType=Rel	21	21:14.SUBJ	rel	17	nsubj	_	16	huwiki_33.61
17	hagyja	hagy	[/V][Prs.Def.3Sg]	VERB	Definite=Def|Mood=Ind|Number=Sing|Person=3|Tense=Pres|VerbForm=Fin|Voice=Act	21	_	_	1	acl	_	17	_
18	folyamatosan	folyamatos	[/Adj][_Manner/Adv]	ADJ	Case=Ess|Degree=Pos|Number=Sing	21	_	_	19	obl	_	18	_
19	alakulni	alakul	[/V][Inf]	VERB	VerbForm=Inf|Voice=Act	21	_	_	17	xcomp	_	19	_
20	a	a	[/Det|Art.Def]	DET	Definite=Def|PronType=Art	21	_	_	21	det	_	20	_
21	hangzást	hangzás	[/N][Acc]	NOUN	Case=Acc|Number=Sing	21	_	_	19	obj	_	21	_
22	és	és	[/Cnj]	CCONJ	_	21	_	_	24	cc	_	22	_
23	a	a	[/Det|Art.Def]	DET	Definite=Def|PronType=Art	21	_	_	24	det	_	23	_
24	műről	mű	[/N][Del]	NOUN	Case=Del|Number=Sing	21	_	_	21	conj	_	24	_
25	alkotott	alkotott	[/Adj][Nom]	ADJ	Case=Nom|Degree=Pos|Number=Sing	21	_	_	26	amod:att	_	25	_
26	elképzelését	elképzelés	[/N][Poss.3Sg][Acc]	NOUN	Case=Acc|Number=Sing|Number[psor]=Sing|Person[psor]=3	21	_	_	17	obj	_	26	_
26.1	POSS	_	_	_	_	21	21:16	prs	_	_	_	26.POSS	huwiki_33.61
27	.	.	[Punct]	PUNCT	_	21	_	_	1	punct	_	27	_

1	Bármilyen	bármilyen	[/Adj|Pro][Nom]	PRON	Case=Nom|Number=Sing|Person=3|PronType=Ind	22	_	_	2	amod:att	_	1	_
2	módszerrel	módszer	[/N][Ins]	NOUN	Case=Ins|Number=Sing	22	_	_	3	nmod:obl	_	2	_
3	folyik	folyik	[/V][Prs.NDef.3Sg]	VERB	Definite=Ind|Mood=Ind|Number=Sing|Person=3|Tense=Pres|VerbForm=Fin|Voice=Act	22	_	_	0	root	_	3	_
4	a	a	[/Det|Art.Def]	DET	Definite=Def|PronType=Art	22	_	_	5	det	_	4	_
5	próba	próba	[/N][Nom]	NOUN	Case=Nom|Number=Sing	22	19:2	coref	3	nsubj	_	5	huwiki_33.62
6	,	,	[Punct]	PUNCT	_	22	_	_	8	punct	_	6	_
7	alapvető	alapvető	[/Adj][Nom]	ADJ	Case=Nom|Degree=Pos|Number=Sing	22	_	_	8	amod:att	_	7	_
8	fontosságú	fontosságú	[/Adj][Nom]	ADJ	Case=Nom|Degree=Pos|Number=Sing	22	_	_	3	conj	_	8	_
9	,	,	[Punct]	PUNCT	_	22	_	_	3	punct	_	9	_
10	hogy	hogy	[/Cnj]	SCONJ	_	22	_	_	17	mark	_	10	_
11	a	a	[/Det|Art.Def]	DET	Definite=Def|PronType=Art	22	_	_	12	det	_	11	_
12	karmester	karmester	[/N][Nom]	NOUN	Case=Nom|Number=Sing	22	6:4	coref	16	nmod:att	_	12	huwiki_33.64
13	alapos	alapos	[/Adj][Nom]	ADJ	Case=Nom|Degree=Pos|Number=Sing	22	_	_	16	amod:att	_	13	_
14	,	,	[Punct]	PUNCT	_	22	_	_	16	punct	_	14	_
15	elemző	elemző	[/Adj][Nom]	ADJ	Case=Nom|Degree=Pos|Number=Sing	22	_	_	16	amod:att	_	15	_
16	módon	mód	[/N][Supe]	NOUN	Case=Sup|Number=Sing	22	_	_	17	nmod:obl	_	16	_
17	ismerje	ismer	[/V][Sbjv.Def.3Sg]	VERB	Definite=Def|Mood=Imp|Number=Sing|Person=3|Tense=Pres|VerbForm=Fin|Voice=Act	22	_	_	3	ccomp:obl	_	17	_
18	a	a	[/Det|Art.Def]	DET	Definite=Def|PronType=Art	22	_	_	19	det	_	18	_
19	partitúrát	partitúra	[/N][Acc]	NOUN	Case=Acc|Number=Sing	22	_	_	17	obj	_	19	_
20	,	,	[Punct]	PUNCT	_	22	_	_	17	punct	_	20	_
21	az	az	[/Det|Art.Def]	DET	Definite=Def|PronType=Art	22	_	_	23	det	_	21	_
22	adott	adott	[/Adj][Nom]	ADJ	Case=Nom|Degree=Pos|Number=Sing	22	_	_	23	amod:att	_	22	_
23	zeneszerző	zeneszerző	[/N][Nom]	NOUN	Case=Nom|Number=Sing	22	_	_	27	nmod:att	_	23	_
24	és	és	[/Cnj]	CCONJ	_	22	_	_	26	cc	_	24	_
25	a	a	[/Det|Art.Def]	DET	Definite=Def|PronType=Art	22	_	_	26	det	_	25	_
26	kor	kor	[/N][Nom]	NOUN	Case=Nom|Number=Sing	22	_	_	23	conj	_	26	_
27	stílusát	stílus	[/N][Poss.3Sg][Acc]	NOUN	Case=Acc|Number=Sing|Number[psor]=Sing|Person[psor]=3	22	_	_	17	obj	_	27	_
28	.	.	[Punct]	PUNCT	_	22	_	_	3	punct	_	28	_

1	Ismernie	ismer	[/V][Inf.3Sg]	VERB	Number=Sing|Person=3|Tense=Pres|VerbForm=Inf|Voice=Act	23	_	_	2	xcomp	_	1	_
1.2	SUBJ	_	_	_	_	23	22:12	prs	_	_	_	1.SUBJ	huwiki_33.66
2	kell	kell	[/V][Prs.NDef.3Sg]	VERB	Definite=Ind|Mood=Ind|Number=Sing|Person=3|Tense=Pres|VerbForm=Fin|Voice=Act	23	_	_	0	root	_	2	_
3	valamennyi	valamennyi	[/Det|Q.NDef]	ADV	PronType=Art	23	_	_	4	advmod:mode	_	3	_
4	zenekari	zenekari	[/Adj][Nom]	ADJ	Case=Nom|Degree=Pos|Number=Sing	23	_	_	5	amod:att	_	4	_
5	hangszer	hangszer	[/N][Nom]	NOUN	Case=Nom|Number=Sing	23	_	_	6	nmod:att	_	5	_
6	tulajdonságát	tulajdonság	[/N][Poss.3Sg][Acc]	NOUN	Case=Acc|Number=Sing|Number[psor]=Sing|Person[psor]=3	23	_	_	2	obj	_	6	_
7	,	,	[Punct]	PUNCT	_	23	_	_	8	punct	_	7	_
8	játékmódját	játékmód	[/N][Poss.3Sg][Acc]	NOUN	Case=Acc|Number=Sing|Number[psor]=Sing|Person[psor]=3	23	_	_	2	conj	_	8	huwiki_33.65
9	és	és	[/Cnj]	CCONJ	_	23	_	_	13	cc	_	9	_
10	e	e	[/Det|Pro|def]	ADV	PronType=Art	23	_	_	13	advmod:mode	_	10	_
11	játékmód	játékmód	[/N][Nom]	NOUN	Case=Nom|Number=Sing	23	23:8	coref	13	nmod:att	_	11	huwiki_33.65
12	alapvető	alapvető	[/Adj][Nom]	ADJ	Case=Nom|Degree=Pos|Number=Sing	23	_	_	13	amod:att	_	12	_
13	szakkifejezéseit	szakkifejezés	[/N][Pl.Poss.3Sg][Acc]	NOUN	Case=Acc|Number=Plur|Number[psor]=Sing|Person[psor]=3	23	_	_	2	conj	_	13	_
14	,	,	[Punct]	PUNCT	_	23	_	_	2	punct	_	14	_
15	hogy	hogy	[/Cnj]	SCONJ	_	23	_	_	21	mark	_	15	_
16	elképzeléseit	elképzelés	[/N][Pl.Poss.3Sg][Acc]	NOUN	Case=Acc|Number=Plur|Number[psor]=Sing|Person[psor]=3	23	_	_	19	obj	_	16	_
16.1	POSS	_	_	_	_	23	23:1.SUBJ	prs	_	_	_	16.POSS	huwiki_33.67
17	az	az	[/Det|Art.Def]	DET	Definite=Def|PronType=Art	23	_	_	19	det	_	17	_
18	egyes	egyes	[/Adj][Nom]	ADJ	Case=Nom|Degree=Pos|Number=Sing	23	_	_	19	amod:att	_	18	_
19	hangszeresekkel	hangszeres	[/N][Pl][Ins]	NOUN	Case=Ins|Number=Plur	23	_	_	21	nmod:obl	_	19	_
20	meg	meg	[/Prev]	PART	_	23	_	_	21	compound:preverb	_	20	_
21	tudja	tud	[/V][Prs.Def.3Sg]	VERB	Definite=Def|Mood=Ind|Number=Sing|Person=3|Tense=Pres|VerbForm=Fin|Voice=Act	23	_	_	2	advcl	_	21	_
21.2	SUBJ	_	_	_	_	23	23:16.POSS	prs	_	_	_	21.SUBJ	huwiki_33.67
22	értetni	ért	[/V][_Caus/V][Inf]	VERB	VerbForm=Inf|Voice=Cau	23	_	_	21	conj	_	22	_
22.1	SUBJ	_	_	_	_	23	23:22.SUBJ	prs	_	_	_	22.SUBJ	huwiki_33.68
23	.	.	[Punct]	PUNCT	_	23	_	_	21	punct	_	23	_

1	A	a	[/Det|Art.Def]	DET	Definite=Def|PronType=Art	24	_	_	2	det	_	1	_
2	karmesterség	karmesterség	[/N][Nom]	NOUN	Case=Nom|Number=Sing	24	7:9	coref	6	nsubj	_	2	huwiki_33.70
3	a	a	[/Det|Art.Def]	DET	Definite=Def|PronType=Art	24	_	_	5	det	_	3	_
4	mai	mai	[/Adj][Nom]	ADJ	Case=Nom|Degree=Pos|Number=Sing	24	_	_	5	amod:att	_	4	_
5	napig	nap	[/N][Ter]	NOUN	Case=Ter|Number=Sing	24	_	_	6	nmod:obl	_	5	_
6	őrzi	őriz	[/V][Prs.Def.3Sg]	VERB	Definite=Def|Mood=Ind|Number=Sing|Person=3|Tense=Pres|VerbForm=Fin|Voice=Act	24	_	_	0	root	_	6	_
7	azt	az	[/Det|Pro][Acc]	PRON	Case=Acc|Number=Sing|Person=3|PronType=Dem	24	_	_	6	obj	_	7	_
8	a	a	[/Det|Art.Def]	DET	Definite=Def|PronType=Art	24	_	_	9	det	_	8	_
9	tulajdonságát	tulajdonság	[/N][Poss.3Sg][Acc]	NOUN	Case=Acc|Number=Sing|Number[psor]=Sing|Person[psor]=3	24	_	_	6	obj	_	9	huwiki_33.71
9.1	POSS	_	_	_	_	24	24:2	prs	_	_	_	9.POSS	huwiki_33.70
10	,	,	[Punct]	PUNCT	_	24	_	_	6	punct	_	10	_
11	mely	amely	[/N|Pro|Rel][Nom]	PRON	Case=Nom|Number=Sing|Person=3|PronType=Rel	24	24:9	rel	17	nsubj	_	11	huwiki_33.71
12	elsősorban	elsősorban	[/Adv]	ADV	_	24	_	_	17	advmod:mode	_	12	_
13	a	a	[/Det|Art.Def]	DET	Definite=Def|PronType=Art	24	_	_	14	det	_	13	_
14	közönség	közönség	[/N][Nom]	NOUN	Case=Nom|Number=Sing	24	_	_	15	nmod:att	_	14	_
15	elvárásainak	elvárás	[/N][Pl.Poss.3Sg][Dat]	NOUN	Case=Dat|Number=Plur|Number[psor]=Sing|Person[psor]=3	24	_	_	17	nsubj	_	15	_
16	megfelelve	megfelel	[/V][_AdvPtcp/Adv]	ADV	VerbForm=Conv	24	_	_	17	advmod:mode	_	16	_
17	alakult	alakul	[/V][Pst.NDef.3Sg]	VERB	Definite=Ind|Mood=Ind|Number=Sing|Person=3|Tense=Past|VerbForm=Fin|Voice=Act	24	_	_	6	acl	_	17	_
18	ki	ki	[/Prev]	ADV	_	24	_	_	17	advmod:mode	_	18	_
19	.	.	[Punct]	PUNCT	_	24	_	_	6	punct	_	19	_

